amino_sequence,qubit_len,Depth,Gate_counts
FVFLVLLPLVSS,28,31,139
QCVNLTTRTQLP,23,26,114
PAYTNSFTRGVY,22,25,109
YPDKVFRSSVLH,23,26,114
STQDLFLPFFSN,22,25,109
VTWFHAIHVSGT,20,23,99
NGTKRFDNPVLP,21,24,104
FNDGVYFASTEK,18,21,89
SNIIRGWIFGTT,22,25,109
LDSKTQSLLIVN,25,28,124
NATNVVIKVCEF,18,21,89
QFCNDPFLGVYY,17,20,84
HKNNKSWMESEF,14,17,69
RVYSSANNCTFE,21,24,104
YVSQPFLMDLEG,20,23,99
KQGNFKNLREFV,18,21,89
FKNIDGYFKIYS,17,20,84
KHTPINLVRDLP,23,26,114
QGFSALEPLVDL,24,27,119
PIGINITRFQTL,23,26,114
LALHRSYLTPGD,26,29,129
SSSGWTAGAAAY,24,27,119
YVGYLQPRTFLL,24,27,119
KYNENGTITDAV,18,21,89
DCALDPLSETKC,21,24,104
TLKSFTVEKGIY,21,24,104
QTSNFRVQPTES,22,25,109
IVRFPNITNLCP,22,25,109
FGEVFNATRFAS,21,24,104
VYAWNRKRISNC,20,23,99
VADYSVLYNSAS,24,27,119
FSTFKCYGVSPT,21,24,104
KLNDLCFTNVYA,19,22,94
DSFVIRGDEVRQ,22,25,109
IAPGQTGKIADY,20,23,99
NYKLPDDFTGCV,18,21,89
IAWNSNNLDSKV,20,23,99
GGNYNYLYRLFR,22,25,109
KSNLKPFERDIS,22,25,109
TEIYQAGSTPCN,20,23,99
GVEGFNCYFPLQ,18,21,89
SYGFQPTNGVGY,20,23,99
QPYRVVVLSFEL,24,27,119
LHAPATVCGPKK,21,24,104
STNLVKNKCVNF,19,22,94
NFNGLTGTGVLT,23,26,114
ESNKKFLPFQQF,17,20,84
GRDIADTTDAVR,23,26,114
DPQTLEILDITP,22,25,109
CSFGGVSVITPG,24,27,119
TNTSNQVAVLYQ,21,24,104
DVNCTEVPVAIH,19,22,94
ADQLTPTWRVYS,22,25,109
TGSNVFQTRAGC,22,25,109
LIGAEHVNNSYE,20,23,99
CDIPIGAGICAS,22,25,109
YQTQTNSPRRAR,24,27,119
SVASQSIIAYTM,23,26,114
SLGAENSVAYSN,24,27,119
NSIAIPTNFTIS,23,26,114
VTTEILPVSMTK,22,25,109
TSVDCTMYICGD,18,21,89
STECSNLLLQYG,24,27,119
SFCTQLNRALTG,24,27,119
IAVEQDKNTQEV,17,20,84
FAQVKQIYKTPP,18,21,89
IKDFGGFNFSQI,18,21,89
LPDPSKPSKRSF,25,28,124
IEDLLFNKVTLA,22,25,109
DAGFIKQYGDCL,18,21,89
GDIAARDLICAQ,22,25,109
KFNGLTVLPPLL,25,28,124
TDEMIAQYTSAL,20,23,99
LAGTITSGWTFG,23,26,114
AGAALQIPFAMQ,20,23,99
MAYRFNGIGVTQ,19,22,94
NVLYENQKLIAN,19,22,94
QFNSAIGKIQDS,20,23,99
LSSTASALGKLQ,28,31,139
DVVNQNAQALNT,19,22,94
LVKQLSSNFGAI,24,27,119
SSVLNDILSRLD,28,31,139
KVEAEVQIDRLI,21,24,104
TGRLQSLQTYVT,25,28,124
QQLIRAAEIRAS,25,28,124
ANLAATKMSECV,20,23,99
LGQSKRVDFCGK,21,24,104
GYHLMSFPQSAP,21,24,104
HGVVFLHVTYVP,21,24,104
AQEKNFTTAPAI,19,22,94
CHDGKAHFPREG,18,21,89
VFVSNGTHWFVT,19,22,94
QRNFYEPQIITT,19,22,94
DNTFVSGNCDVV,19,22,94
IGIVNNTVYDPL,21,24,104
QPELDSFKEELD,19,22,94
KYFKNHTSPDVD,17,20,84
LGDISGINASVV,25,28,124
NIQKEIDRLNEV,19,22,94
AKNLNESLIDLQ,22,25,109
ELGKYEQYIKWP,16,19,79
WYIWLGFIAGLI,20,23,99
AIVMVTIMLCCM,17,20,84
TSCCSCLKGCCS,22,25,109
CGSCCKFDEDDS,17,20,84
EPVLKGVKLHYT,21,24,104
