amino_sequence,dense_encoding,qubit_len,mRNA_sequence,value,time
FVF,0100,4,UUCGUGUUC,507.609,0.3
LVL,00110010,8,CUCGUGCUG,32.376,0.85
LPL,01010010,8,CUGCCGCUG,507.299,0.9
VSS,10000000,8,GUGAGCAGC,30.407,0.97
QCV,1010,4,CAGUGCGUG,17.407,0.3
NLT,001010,6,AACCUGACG,263.661,0.48
TRT,1010110,7,ACGCGUACG,30.772,0.75
QLP,101010,6,CAGCUGCCG,261.941,0.65
PAY,10101,5,CCGGCGUAU,262.327,0.41
TNS,010000,6,ACCAACAGC,507.487,0.53
FTR,010101,6,UUCACGCGU,268.181,0.55
GVY,01101,5,GGCGUGUAU,262.519,0.38
YPD,1101,4,UAUCCGGAU,498.667,0.3
KVF,1100,4,AAGGUGUUC,512.299,0.29
RSS,101000000,9,CGUAGCAGC,30.189,1.36
VLH,100101,6,GUGCUGCAU,17.818,0.48
STQ,000101,6,AGCACGCAG,25.766,0.47
DLF,10100,5,GAUCUGUUC,258.656,0.37
LPF,010100,6,CUGCCGUUC,505.011,0.47
FSN,00000,5,UUCAGCAAC,507.682,0.37
VTW,1010,4,GUGACGUGG,263.493,0.3
FHA,0110,4,UUCCAUGCG,262.349,0.29
IHV,00110,5,AUACAUGUG,32.935,0.36
SGT,0001101,7,AGCGGUACC,513.419,0.63
NGT,01101,5,AACGGUACC,505.957,0.45
KRF,10110,5,AAGCGCUUC,511.643,0.57
DNP,1110,4,GAUAAUCCG,500.756,0.3
VLP,1001010,7,GUGCUGCCG,266.874,0.61
FND,001,3,UUCAACGAU,502.605,0.18
GVY,01101,5,GGCGUGUAU,262.519,0.37
FAS,010000,6,UUCGCGAGC,270.127,0.47
TEK,1111,4,ACUGAGAAG,278.241,0.29
SNI,000001,6,AGCAACAUC,507.876,0.46
IRG,0010101,7,AUACGUGGC,276.783,0.63
WIF,010,3,UGGAUCUUC,499.833,0.18
GTT,111010,6,GGUACGACG,274.695,0.47
LDS,0011000,7,CUCGAUAGC,30.746,0.61
KTQ,1101,4,AAGACGCAG,268.157,0.29
SLL,101010010,9,UCUCUGCUG,25.643,1.33
IVN,01100,5,AUCGUGAAC,262.641,0.36
NAT,11010,5,AAUGCGACG,268.23,0.36
NVV,00110,5,AACGUCGUG,267.768,0.36
IKV,01110,5,AUCAAGGUG,512.493,0.36
CEF,010,3,UGCGAGUUC,263.71,0.18
QFC,100,3,CAGUUCUGC,500.343,0.19
NDP,0110,4,AACGAUCCG,498.983,0.32
FLG,010001,6,UUCUUAGGC,515.531,0.47
VYY,1001,4,GUGUACUAU,20.93,0.29
HKN,110,3,CAUAAGAAC,508.194,0.18
NKS,01000,5,AACAAGAGC,512.372,0.37
WME,0,1,UGGAUGGAA,488.704,0.04
SEF,00010,5,AGCGAGUUC,269.542,0.37
RVY,011101,6,CGCGUGUAU,19.738,0.47
SSA,00000010,8,AGCAGCGCG,34.226,0.84
NNC,000,3,AACAACUGC,499.687,0.19
TFE,0100,4,ACCUUCGAA,501.923,0.29
YVS,110000,6,UAUGUGAGC,22.63,0.47
QPF,1100,4,CAGCCGUUC,502.654,0.29
LMD,0101,4,CUGAUGGAU,251.949,0.33
LEG,010011,6,CUGGAAGGU,502.773,0.46
KQG,1001,4,AAGCAAGGC,513.149,0.29
NFK,001,3,AACUUCAAG,510.673,0.18
NLR,0010101,7,AACCUGCGU,260.915,0.62
EFV,0010,4,GAAUUCGUG,503.381,0.29
FKN,010,3,UUCAAGAAC,510.673,0.17
IDG,01101,5,AUCGAUGGC,260.551,0.36
YFK,001,3,UACUUCAAG,512.835,0.18
IYS,011000,6,AUCUAUAGC,23.36,0.46
KHT,1110,4,AAGCAUACG,269.348,0.29
PIN,10100,5,CCGAUUAAC,500.878,0.36
LVR,00110101,8,CUCGUGCGU,34.733,0.83
DLP,101010,6,GAUCUGCCG,258.633,0.47
QGF,0010,4,CAAGGCUUC,508.46,0.33
SAL,00010010,8,AGCGCGCUG,29.415,0.84
EPL,010010,6,GAACCGCUG,500.783,0.47
VDL,011010,6,GUCGAUCUG,20.977,0.46
PIG,101011,6,CCGAUUGGU,505.009,0.46
INI,01001,5,AUCAACAUC,506.372,0.36
TRF,100110,6,ACGCGCUUC,269.544,0.47
QTL,110010,6,CAGACGCUG,20.955,0.47
LAL,00110010,8,CUCGCGCUG,36.194,0.83
HRS,1101000,7,CAUCGUAGC,22.411,0.62
YLT,101010,6,UAUCUGACG,20.345,0.47
PGD,00111,5,CCAGGUGAU,511.303,0.36
SSS,000000000,9,AGCAGCAGC,32.643,1.32
GWT,1101,4,GGUUGGACC,503.213,0.29
AGA,001110,6,GCAGGUGCG,520.858,0.5
AAY,00101,5,GCAGCGUAU,25.011,0.37
YVG,10101,5,UAUGUCGGC,266.577,0.36
YLQ,10101,5,UAUCUGCAG,12.885,0.37
PRT,1010110,7,CCGCGUACG,271.759,0.61
FLL,0010010,7,UUCCUGCUG,260.721,0.62
KYN,100,3,AAGUACAAC,510.673,0.18
ENG,1011,4,GAGAACGGU,508.848,0.29
TIT,100110,6,ACGAUCACG,28.121,0.5
DAV,10010,5,GAUGCAGUG,23.893,0.36
DCA,0110,4,GACUGUGCG,24.697,0.29
LDP,001110,6,CUCGAUCCG,270.224,0.46
LSE,0100001,7,CUGAGCGAG,27.03,0.61
TKC,0110,4,ACCAAGUGC,508.508,0.29
TLK,100101,6,ACGCUGAAG,270.514,0.46
SFT,000001,6,AGCUUCACC,509.65,0.46
VEK,0111,4,GUCGAGAAG,276.054,0.29
GIY,01011,5,GGCAUCUAU,261.45,0.36
QTS,110000,6,CAGACGAGC,25.766,0.55
NFR,00011,5,AACUUCCGC,504.79,0.38
VQP,10110,5,GUGCAGCCG,264.517,0.36
TES,111000,6,ACUGAGAGC,34.051,0.46
IVR,0110101,7,AUCGUGCGU,22.848,0.61
FPN,1100,4,UUUCCGAAC,904.882,0.29
ITN,01100,5,AUCACGAAC,265.168,0.36
LCP,010110,6,CUGUGUCCG,261.816,0.46
FGE,0010,4,UUCGGCGAA,502.506,0.29
VFN,1000,4,GUGUUCAAC,505.446,0.29
ATR,1010101,7,GCGACGCGU,32.063,0.6
FAS,010000,6,UUCGCGAGC,270.127,0.48
VYA,10110,5,GUGUAUGCG,20.613,0.38
WNR,0101,4,UGGAACCGU,498.521,0.3
KRI,101101,6,AAGCGCAUC,268.837,0.46
SNC,00000,5,AGCAACUGC,505.349,0.38
VAD,01001,5,GUCGCAGAU,27.951,0.37
YSV,100010,6,UAUAGCGUG,22.63,0.48
LYN,01010,5,CUGUAUAAC,259.192,0.37
SAS,00010000,8,AGCGCGAGC,34.226,0.91
FST,000010,6,UUCAGCACG,270.635,0.47
FKC,010,3,UUCAAGUGC,508.703,0.18
YGV,10110,5,UAUGGCGUG,505.519,0.37
SPT,1011001,7,UCUCCGACC,514.05,0.6
KLN,10100,5,AAGCUGAAC,507.56,0.38
DLC,10100,5,GAUCUGUGC,13.323,0.37
FTN,0010,4,UUCACCAAC,503.988,0.29
VYA,10110,5,GUGUAUGCG,20.613,0.36
DSF,10000,5,GAUAGCUUC,263.467,0.37
VIR,1000011,7,GUGAUACGC,34.221,0.6
GDE,1111,4,GGUGAUGAG,264.633,0.29
VRQ,101011,6,GUGCGUCAG,20.785,0.47
IAP,011010,6,AUCGCGCCG,268.6,0.46
GQT,11110,5,GGUCAGACG,267.235,0.36
GKI,01110,5,GGCAAGAUU,509.942,0.36
ADY,0001,4,GCAGACUAU,24.792,0.29
NYK,001,3,AACUACAAG,510.673,0.18
LPD,010101,6,CUGCCGGAU,501.633,0.51
DFT,0001,4,GACUUCACC,507.415,0.29
GCV,11010,5,GGUUGCGUG,266.045,0.36
IAW,0110,4,AUCGCGUGG,260.115,0.3
NSN,00000,5,AACAGCAAC,505.519,0.37
NLD,00011,5,AACCUCGAU,268.084,0.46
SKV,000110,6,AGCAAGGUG,515.798,0.46
GGN,11110,5,GGUGGUAAC,508.119,0.37
YNY,000,3,UACAACUAC,505.983,0.18
LYR,0101011,7,CUGUAUCGC,17.162,0.61
LFR,0100101,7,CUGUUCCGU,506.078,0.62
KSN,10000,5,AAGAGCAAC,512.372,0.38
LKP,010110,6,CUGAAGCCG,509.701,0.47
FER,01101,5,UUCGAGCGU,267.088,0.37
DIS,101000,6,GAUAUCAGC,20.661,0.46
TEI,11101,5,ACUGAGAUC,30.746,0.36
YQA,1110,4,UAUCAGGCG,258.68,0.3
GST,1100010,7,GGUAGCACG,274.404,0.62
PCN,1001,4,CCGUGCAAU,501.801,0.29
GVE,11011,5,GGUGUCGAG,275.133,0.37
GFN,0100,4,GGCUUCAAC,504.571,0.29
CYF,000,3,UGCUACUUC,261.013,0.18
PLQ,100101,6,CCGCUGCAG,261.941,0.48
SYG,000101,6,AGCUAUGGC,264.755,0.46
FQP,0110,4,UUCCAGCCG,502.654,0.29
TNG,01011,5,ACCAACGGU,505.957,0.36
VGY,11011,5,GUUGGCUAU,508.338,0.37
QPY,1101,4,CAGCCGUAU,498.375,0.29
RVV,1010110,7,CGUGUCGUG,29.776,0.6
VLS,10010000,8,GUGCUGAGC,25.596,0.84
FEL,01010,5,UUCGAGCUG,264.731,0.44
LHA,010110,6,CUGCAUGCG,19.837,0.48
PAT,101011,6,CCGGCGACU,275.914,0.49
VCG,10011,5,GUGUGCGGU,266.044,0.39
PKK,1011,4,CCGAAGAAG,513.903,0.3
STN,000100,6,AGCACGAAC,268.473,0.47
LVK,001101,6,CUCGUGAAG,279.578,0.47
NKC,010,3,AACAAGUGC,506.54,0.18
VNF,1000,4,GUGAACUUC,505.446,0.29
NFN,000,3,AACUUCAAC,503.82,0.18
GLT,1101010,7,GGUCUGACG,269.592,0.61
GTG,110111,6,GGUACCGGU,511.888,0.46
VLT,1001010,7,GUGCUGACG,25.888,0.6
ESN,10000,5,GAGAGCAAC,267.379,0.37
KKF,110,3,AAGAAGUUC,517.525,0.18
LPF,010100,6,CUGCCGUUC,505.011,0.47
QQF,110,3,CAGCAGUUC,256.007,0.18
GRD,111011,6,GGUCGUGAU,262.981,0.48
IAD,01001,5,AUCGCAGAU,22.824,0.36
TTD,10111,5,ACGACUGAU,28.267,0.36
AVR,0010101,7,GCAGUGCGU,30.116,0.6
DPQ,1101,4,GAUCCGCAG,499.276,0.3
TLE,100011,6,ACGCUCGAG,38.912,0.46
ILD,000011,6,AUACUCGAU,41.051,0.46
ITP,011010,6,AUCACGCCG,267.308,0.5
CSF,00000,5,UGCAGCUUC,264.512,0.57
GGV,111110,6,GGUGGUGUG,513.346,0.48
SVI,0001001,7,AGCGUGAUC,25.303,0.6
TPG,100011,6,ACGCCAGGU,520.271,0.46
TNT,01001,5,ACCAACACC,503.794,0.47
SNQ,00001,5,AGCAACCAG,504.013,0.37
VAV,010010,6,GUCGCAGUG,34.393,0.46
LYQ,01011,5,CUGUAUCAG,12.885,0.37
DVN,1100,4,GAUGUGAAC,259.069,0.29
CTE,0111,4,UGCACUGAG,28.219,0.29
VPV,111010,6,GUUCCGGUG,511.669,0.46
AIH,10001,5,GCGAUACAU,31.353,0.37
ADQ,0011,4,GCAGAUCAG,18.96,0.29
LTP,0101010,7,CUGACGCCG,269.402,0.6
TWR,01101,5,ACCUGGCGU,502.289,0.37
VYS,101000,6,GUGUAUAGC,22.63,0.46
TGS,0111000,7,ACCGGUAGC,513.419,0.6
NVF,0100,4,AACGUGUUC,505.446,0.29
QTR,110101,6,CAGACGCGU,23.312,0.46
AGC,00110,5,GCAGGUUGC,513.443,0.37
LIG,0100111,7,CUGAUCGGU,264.196,0.6
AEH,0011,4,GCAGAGCAU,26.226,0.29
VNN,1000,4,GUGAACAAC,503.284,0.29
SYE,00011,5,AGCUAUGAG,24.063,0.37
CDI,0101,4,UGCGAUAUC,14.829,0.29
PIG,101011,6,CCGAUUGGU,505.009,0.45
AGI,011110,6,GCCGGUAUU,510.622,0.46
CAS,110000,6,UGUGCGAGC,26.932,0.46
YQT,1110,4,UAUCAGACG,17.988,0.29
QTN,1100,4,CAGACGAAC,261.304,0.29
SPR,00110101,8,AGUCCGCGU,515.29,0.83
RAR,10110101,8,CGUGCGCGU,29.318,0.84
SVA,0000010,7,AGCGUAGCG,35.049,0.6
SQS,1011000,7,UCUCAGAGC,28.097,0.61
IIA,010110,6,AUCAUCGCG,22.217,0.46
YTM,110,3,UAUACGAUG,16.751,0.28
SLG,10100111,8,UCUCUCGGU,283.514,0.84
AEN,0010,4,GCAGAGAAC,269.542,0.29
SVA,0000010,7,AGCGUAGCG,35.049,0.6
YSN,10000,5,UAUAGCAAC,264.003,0.37
NSI,000001,6,AACAGCAUC,264.876,0.47
AIP,100010,6,GCGAUACCG,276.809,0.46
TNF,0100,4,ACCAACUUC,503.988,0.29
TIS,1001000,7,ACGAUCAGC,27.83,0.62
VTT,101010,6,GUGACGACG,30.991,0.47
EIL,100010,6,GAGAUACUG,33.735,0.47
PVS,1010000,7,CCGGUGAGC,271.686,0.61
MTK,101,3,AUGACGAAG,265.119,0.18
TSV,1000010,7,ACGAGCGUG,30.699,0.61
DCT,0010,4,GACUGCACG,24.867,0.29
MYI,001,3,AUGUACAUC,15.633,0.18
CGD,0111,4,UGCGGUGAU,502.603,0.3
STE,000111,6,AGCACUGAG,34.051,0.47
CSN,00000,5,UGCAGCAAC,262.349,0.37
LLL,010010010,9,CUGCUGCUG,18.209,1.31
QYG,1101,4,CAGUAUGGC,257.586,0.29
SFC,00000,5,AGCUUCUGC,507.512,0.37
TQL,101010,6,ACGCAGCUG,20.955,0.46
NRA,110110,6,AAUCGUGCG,265.484,0.47
LTG,0101111,7,CUGACUGGU,271.51,0.61
IAV,010010,6,AUCGCAGUG,27.465,0.46
EQD,111,3,GAGCAGGAU,258.996,0.19
KNT,1001,4,AAGAACACC,508.678,0.29
QEV,1010,4,CAGGAAGUG,499.712,0.29
FAQ,0101,4,UUCGCGCAG,262.958,0.29
VKQ,1011,4,GUGAAGCAG,508.63,0.29
IYK,0101,4,AUCUACAAG,270.03,0.29
TPP,111010,6,ACUCCGCCG,515.609,0.46
IKD,0111,4,AUCAAGGAU,509.652,0.29
FGG,01111,5,UUCGGUGGU,510.282,0.37
FNF,000,3,UUCAACUUC,505.983,0.18
SQI,001101,6,AGUCAGAUC,24.792,0.46
LPD,010101,6,CUGCCGGAU,501.633,0.6
PSK,100001,6,CCGAGCAAG,514.512,0.47
PSK,100001,6,CCGAGCAAG,514.512,0.47
RSF,1010000,7,CGUAGCUUC,267.89,0.62
IED,0111,4,AUCGAGGAU,262.859,0.29
LLF,0100100,7,CUGCUGUUC,260.721,0.62
NKV,0110,4,AACAAGGUG,510.136,0.29
TLA,1000110,7,ACGCUCGCG,41.297,0.64
DAG,10011,5,GAUGCAGGU,267.598,0.37
FIK,0011,4,UUCAUCAAG,513.03,0.29
QYG,1101,4,CAGUAUGGC,257.586,0.29
DCL,01010,5,GACUGUCUG,20.102,0.37
GDI,01101,5,GGCGAUAUC,260.551,0.36
AAR,0010101,7,GCAGCGCGU,33.935,0.6
DLI,101001,6,GAUCUGAUC,15.85,0.49
CAQ,1101,4,UGUGCGCAG,19.764,0.35
KFN,100,3,AAGUUCAAC,510.673,0.22
GLT,1101010,7,GGUCUGACG,269.592,0.65
VLP,1001010,7,GUGCUGCCG,266.874,0.65
PLL,10010010,8,CCGCUGCUG,264.299,0.84
TDE,1111,4,ACUGAUGAG,27.174,0.29
MIA,0110,4,AUGAUCGCG,15.315,0.29
QYT,1110,4,CAGUAUACG,17.988,0.29
SAL,00010010,8,AGCGCGCUG,29.415,0.85
LAG,0010011,7,CUCGCAGGU,283.055,0.6
TIT,100110,6,ACGAUCACG,28.121,0.46
SGW,00011,5,AGCGGUUGG,506.906,0.37
TFG,01011,5,ACCUUCGGU,508.119,0.36
AGA,001110,6,GCAGGUGCG,520.858,0.48
ALQ,100101,6,GCGCUGCAG,22.246,0.51
IPF,10100,5,AUUCCGUUC,503.041,0.38
AMQ,101,3,GCGAUGCAG,13.252,0.2
MAY,101,3,AUGGCGUAU,255.642,0.3
RFN,01100,5,CGCUUCAAC,504.79,0.39
GIG,111001,6,GGUAUUGGC,507.22,0.46
VTQ,10101,5,GUGACGCAG,23.531,0.37
NVL,010010,6,AACGUGCUG,261.134,0.47
YEN,110,3,UAUGAGAAC,263.201,0.17
QKL,11010,5,CAGAAGCUG,506.054,0.37
IAN,01100,5,AUCGCGAAC,262.859,0.36
QFN,100,3,CAGUUCAAC,500.513,0.18
SAI,0001001,7,AGCGCGAUC,27.321,0.77
GKI,01110,5,GGCAAGAUU,509.942,0.36
QDS,11000,5,CAGGAUAGC,259.798,0.37
LSS,010000000,9,CUGAGCAGC,27.832,1.34
TAS,1110000,7,ACUGCGAGC,34.636,0.61
ALG,1000111,7,GCGCUCGGU,282.475,0.61
KLQ,10101,5,AAGCUGCAG,263.054,0.37
DVV,10110,5,GAUGUCGUG,23.553,0.36
NQN,010,3,AACCAGAAC,498.351,0.18
AQA,00110,5,GCACAGGCG,272.22,0.37
LNT,010001,6,CUGAACACC,502.676,0.46
LVK,001101,6,CUCGUGAAG,279.578,0.47
QLS,1010000,7,CAGCUGAGC,20.663,0.62
SNF,00000,5,AGCAACUUC,507.682,0.37
GAI,111001,6,GGUGCGAUC,268.79,0.46
SSV,00000010,8,AGCAGCGUG,30.407,0.84
LND,01001,5,CUGAACGAU,499.493,0.37
ILS,00010000,8,AUACUGAGC,34.537,0.84
RLD,1010011,7,CGUCUCGAU,28.291,0.62
KVE,1011,4,AAGGUCGAG,276.054,0.29
AEV,00110,5,GCAGAGGUG,274.768,0.36
QID,1011,4,CAGAUCGAU,13.493,0.29
RLI,10101001,8,CGUCUGAUC,20.273,0.84
TGR,0111101,7,ACCGGUCGU,510.964,0.6
LQS,0101000,7,CUGCAGAGC,20.663,0.61
LQT,010110,6,CUGCAGACG,20.955,0.46
YVT,11010,5,UAUGUGACG,22.921,0.37
QQL,11010,5,CAGCAGCUG,13.495,0.37
IRA,0010110,7,AUACGUGCG,34.877,0.6
AEI,00101,5,GCAGAGAUC,28.899,0.36
RAS,10110000,8,CGUGCGAGC,31.772,0.84
ANL,101010,6,GCGAAUCUG,506.127,0.46
AAT,001010,6,GCAGCGACG,36.68,0.46
KMS,1000,4,AAGAUGAGC,264.828,0.3
ECV,1010,4,GAGUGCGUG,23.774,0.29
LGQ,100011,6,UUAGGCCAG,511.862,0.47
SKR,0001101,7,AGCAAGCGU,515.579,0.61
VDF,0100,4,GUCGACUUC,269.931,0.29
CGK,0111,4,UGCGGUAAG,510.671,0.29
GYH,0111,4,GGCUAUCAU,258.777,0.29
LMS,010000,6,CUGAUGAGC,15.826,0.47
FPQ,1101,4,UUUCCGCAG,903.375,0.29
SAP,0000010,7,AGCGCACCG,276.084,0.6
HGV,11110,5,CAUGGUGUG,507.099,0.51
VFL,100010,6,GUGUUCCUG,506.297,0.5
HVT,11010,5,CAUGUGACG,22.921,0.37
YVP,11010,5,UAUGUGCCG,260.308,0.37
AQE,1010,4,GCGCAGGAA,258.73,0.29
KNF,100,3,AAGAACUUC,510.673,0.18
TTA,101110,6,ACGACUGCG,34.927,0.46
PAI,101001,6,CCGGCGAUC,268.6,0.46
CHD,111,3,UGUCAUGAU,16.095,0.18
GKA,11110,5,GGUAAGGCG,516.286,0.37
HFP,0010,4,CACUUCCCG,911.323,0.29
REG,101011,6,CGUGAAGGU,505.13,0.49
VFV,10010,5,GUGUUCGUG,508.873,0.36
SNG,000011,6,AGCAACGGU,509.65,0.46
THW,101,3,ACGCAUUGG,257.951,0.18
FVT,01010,5,UUCGUGACG,268.4,0.37
QRN,11010,5,CAGCGUAAC,258.558,0.37
FYE,011,3,UUCUAUGAG,265.364,0.18
PQI,10101,5,CCGCAGAUC,259.848,0.38
ITT,011010,6,AUCACGACG,28.121,0.64
DNT,1001,4,GAUAACACC,500.611,0.32
FVS,010000,6,UUCGUGAGC,268.108,0.48
GNC,1100,4,GGUAACUGC,503.818,0.29
DVV,10110,5,GAUGUCGUG,23.553,0.37
IGI,100101,6,AUUGGCAUC,505.446,0.47
VNN,1000,4,GUGAACAAC,503.284,0.29
TVY,11101,5,ACUGUGUAU,28.439,0.37
DPL,110010,6,GAUCCGCUG,501.633,0.47
QPE,1100,4,CAGCCGGAA,498.425,0.29
LDS,0011000,7,CUCGAUAGC,30.746,0.61
FKE,010,3,UUCAAGGAA,508.607,0.18
ELD,10011,5,GAGCUCGAU,29.944,0.38
KYF,100,3,AAGUACUUC,512.835,0.18
KNH,101,3,AAGAACCAU,508.194,0.19
TSP,1010110,7,ACGUCUCCG,275.036,0.6
DVD,1011,4,GAUGUCGAU,18.912,0.29
LGD,100011,6,UUAGGCGAU,512.153,0.47
ISG,0100011,7,AUCAGCGGU,269.007,0.6
INA,10010,5,AUUAACGCG,504.183,0.36
SVV,0000110,7,AGCGUCGUG,32.23,0.6
NIQ,0001,4,AACAUACAG,271.318,0.29
KEI,1101,4,AAGGAGAUC,270.927,0.29
DRL,1101010,7,GAUCGUCUG,16.7,0.62
NEV,0010,4,AACGAAGUG,501.218,0.29
AKN,1010,4,GCGAAGAAC,510.355,0.29
LNE,01000,5,CUGAACGAA,498.642,0.37
SLI,10101001,8,UCUCUGAUC,27.149,0.84
DLQ,10101,5,GAUCUGCAG,11.986,0.37
ELG,100111,6,GAGCUCGGU,280.09,0.47
KYE,111,3,AAGUAUGAG,270.054,0.18
QYI,1101,4,CAGUAUAUC,16.192,0.29
KWP,110,3,AAGUGGCCG,504.306,0.18
WYI,101,3,UGGUAUAUC,256.154,0.19
WLG,10001,5,UGGUUAGGC,508.824,0.38
FIA,00110,5,UUCAUCGCG,265.022,0.57
GLI,1101001,7,GGUCUGAUC,264.196,0.6
AIV,100110,6,GCGAUCGUG,25.086,0.46
MVT,1010,4,AUGGUGACG,261.693,0.3
IML,01010,5,AUCAUGCUG,12.521,0.37
CCM,00,2,UGCUGCAUG,8.973,0.1
TSC,100000,6,ACGAGCUGC,27.103,0.47
CSC,00000,5,UGCAGCUGC,20.979,0.37
LKG,010111,6,CUGAAGGGU,916.691,0.49
CCS,00000,5,UGCUGCAGC,20.979,0.39
CGS,011000,6,UGCGGUAGC,511.28,0.52
CCK,001,3,UGCUGCAAG,263.37,0.19
FDE,011,3,UUCGAUGAG,262.665,0.22
DDS,11000,5,GAUGAUAGC,17.089,0.44
EPV,01010,5,GAACCGGUG,503.358,0.43
LKG,010111,6,CUGAAGGGU,916.691,0.48
VKL,101010,6,GUGAAGCUG,510.987,0.47
HYT,0110,4,CACUAUACG,21.658,0.31
